Build,Trace Session ID,app_gpu_ms (max),app_gpu_ms (avg),stale_frames_per_second (max),stale_frames_per_second (avg),application_prediction_microseconds (max),application_prediction_microseconds (avg),% Time Compute (max),% Time Compute (avg),% Time Shading Vertices (max),% Time Shading Vertices (avg),% Time Shading Fragments (max),% Time Shading Fragments (avg),% Shaders Busy (max),% Shaders Busy (avg),GPU % Bus Busy (max),GPU % Bus Busy (avg),Texture Memory Read BW (max),Texture Memory Read BW (avg),Vertex Memory Read BW (max),Vertex Memory Read BW (avg),Fragments Shaded/Sec (max),Fragments Shaded/Sec (avg),Fragment ALU Instr/Sec (max),Fragment ALU Instr/Sec (avg),Vertex Instructions/Sec (max),Vertex Instructions/Sec (avg),% Stalled on System Memory (max),% Stalled on System Memory (avg),% Texture L2 Miss (max),% Texture L2 Miss (avg),app_rss_mb (max),app_rss_mb (avg),app_uss_mb (max),app_uss_mb (avg),gpu_level,gpu_frequency_mhz,Notes
test_perf_fullOpaque,test_perf_fullOpaque_v3,20.34,14.58,30,13.13,64925.12,36406.1,100,58.27,100,22.62,100,18.87,100,87.6,100,35.29,8882220032,5265361502,434760064,51228387,11048057856,1667765344,189672751104,92715499475,24726382592,4186126722,19.44,2.47,100,51.78,1150,529.28,990,357.7,4,545 (avg 518.5, brief dip),1st and 2nd attempts discarded (not-in-scene, then froze). This 3rd attempt clean/continuous throughout. BEST result of all builds so far: lowest max app_gpu_ms (20.3ms) and lowest max stale_frames (30) - consistent with opaque/early-Z path being TBDR-correct. %Time Compute high (58.3%, close to OpacityCulloff's 54.6%) - both opaque-family builds push heavy compute load.
test_perf_fullOpacityCulloff,test_perf_fullOpacityCulloff_v2,187.2,18.82,72,17.45,75465.92,36801.29,100,54.6,100,18.29,100,26.75,100,86.92,100,36.5,11226619904,4706467177,457649888,49987063,9599123456,1645167926,161848279040,83987874229,15121993728,3628323986,9.77,1.63,100,49.77,827,436.45,636,260.2,4.1 (max 5.0 - not perfectly held),456,1st attempt froze mid-capture (discarded). Retrace clean/continuous (one 187.2ms isolated spike, otherwise steady 9-29ms). By far highest %Time Compute of all builds (54.6% avg, next highest was RT0.5 at 25.6%) - opacity cull clearly runs GPU compute hard. gpu_level averaged 4.1 (briefly hit 5) unlike other builds' clean flat 4 - MQDH lock may have slipped momentarily. gpu_frequency_mhz read 456 flat, not the usual 545 seen elsewhere.
test_perf_fullAlphaCulloff,test_perf_fullAlphaCulloff_v2,68.35,24.53,54,23.13,116239.73,47788.5,100,15.78,27.97,4.52,99.5,57.95,100,94.86,100,15.2,7462177280,2090600153,508143648,33767689,10364870656,6867806613,252474195968,197254179083,3672042240,727304875,100,1.15,100,27.65,1059,467.5,892,305.25,4,545,1st attempt froze mid-capture (discarded). Retrace clean but BIMODAL like ProximityDepthRange - oscillates almost every sample between ~10-14ms and ~38-68ms, not a steady value. User's on-device observation was ~64ms (top of high band) - max column (68.35ms) reflects this far better than avg (24.53ms) did. 1 corrupted counter sample (1.02e23 B/s) excluded from Texture/Vertex Memory Read BW.
test_perf_RT0.5,test_perf_RT0.5,52.3,25.55,73,45.56,100824.95,51704.2,100,25.6,20.58,6.03,100,67.82,100,91.2,100,64.26,33118291968,13538255148,384040288,47402374,9442362368,3704494838,242855886848,153878031797,19756163072,5165572652,15.66,1.9,100,24.98,1125,460.05,957,297.59,4,545,~65s startup gap before steady readings begin (excluded from averages, pre-gap sample was 2.8ms warmup). Highest max stale_frames (73) and max Vertex Instr/Sec of all builds so far.
test_perf_Stencil1,test_perf_Stencil1_v2,63.58,23.57,62,31.48,107119.8,51230.2,100,22.23,100,5.78,99.998,71.99,100,91.27,100,71.54,51719897088,25535914820,415503424,39295966,8151932416,4548453668,215285137408,141927454220,16904898560,2741031288,11.93,1.07,94.57,24.2,1082,482,913,313,4,545,1st attempt froze mid-capture (discarded), retrace clean/continuous. Highest max Texture BW (51.7GB/s) and max GPU Bus Busy of all builds so far - bandwidth clearly the driver.
test_perf_ProximityDepthRange,test_perf_ProximityDepthRange_v2,124.6,67.14,59,38.55,58716,28306.9,100,18,99.996,8.8,99.98,57.45,100,89.83,100,46.4,36856827904,10240156092,408385856,33621687,8843637760,3913270647,207613968384,89281981334,18061901824,2130779855,12.03,0.99,96.68,35.88,1093,488.7,923,318.25,4,545,bimodal frame time (oscillates ~7-20ms and ~112-125ms) reproduced on 2 separate captures incl. one confirmed in-app. Highest max app_gpu_ms (124.6ms) of ALL builds - worst worst-case in the set. Worth its own investigation.
test_perf_NoSort,test_perf_NoSort_v3,222.58,26.57,53,28.3,93642.07,53037.8,82.94,7.02,23.21,5.35,99.39,87.63,100,92.6,63.25,33.86,11865638912,5410719034,312321184,39713569,7934212096,6105841406,214419243008,163426855098,11481709568,3512621447,0.99,0.16,88.94,23.84,1046,482.65,885,311.7,4,545,3rd attempt (1st glitched zeros, 2nd app froze, both discarded). Clean/continuous, no freeze. Highest max app_gpu_ms of any single sample (222.6ms, isolated startup spike) but NOT sustained - only build where GPU Bus Busy max (63.25%) stayed below 100%, suggesting this spike wasn't bandwidth-driven.
test_perf_Full,test_perf_Full,84.68,20.25,66,15.23,130350.33,41663,27.55,8.89,100,2.59,100,79.53,91.58,38.49,100,34.52,1176321280,261947956,274820288,50012711,8074472960,3041680330,82315616256,20180936006,2572183296,1069173525,6.37,0.55,41.74,10.89,890,524.5,678,346.5,4,545,brief 421MHz dip during warmup (4/20 samples) then steady 545. Lowest max Texture BW (1.18GB/s) and lowest max %Time Compute (27.55%) of all builds so far.
test_perf_LODCull,test_perf_LODCull_v4,1562.79,54.43,73,16.58,80115.61,41918.5,100,43.77,100,12.14,100,43.61,100,89.37,100,52.87,29389801472,9535029755,422152416,47921786,10557774848,2815000873,203801231360,109679124092,17709783040,3526570619,15.42,1.93,100,46.28,1122,456.38,962,282.13,4 (clean flat, confirmed held),545 (clean flat),4th attempt, retraced after user confirmed GPU level relocked to 4 post-device-restart (v3's row had unsettled 254MHz clock, superseded by this trace). gpu_level and gpu_frequency_mhz both clean/flat this time - directly comparable to other builds' clock state. One isolated 1562.8ms spike (shader-warmup-like, same pattern seen elsewhere), otherwise steady 10-30ms range, no freeze/dead tail. Use this row, not v3's.
